"","Field","Study","Total_phenols","Total_phenols_sd","TotalP","TotalP_sd","TotalV","TotalV_sd","TotalC","TotalC_sd","TotalS","TotalS_sd"
"1","CR","Grower",2.29487268470597,0.635469619568437,0.213671454209562,0.0472159126060383,0.583014856340599,0.153556706408477,0.665273960954321,0.218389594719352,0.832912413201483,0.249193261045098
"2","CR","RES",1.98080004678313,0.331179499549557,0.194164489557711,0.0346323559690682,0.527657490335822,0.0890534362774949,0.589834552439334,0.1212403326499,0.669143514450264,0.0948543253666028
"3","RF","Grower",1.76065228307114,0.497623757103894,0.180919800140925,0.0302768158939502,0.467549722118326,0.103878311755587,0.443445151466206,0.178695743178587,0.668737609345686,0.197738525413984
"4","RF","RES",1.71550511564126,0.275419291580249,0.18883501102146,0.0284644917166217,0.458342319703921,0.0741041026083395,0.458641482978883,0.101879751903403,0.609686301936994,0.0895530535270452
